{
    "fx": 799.3907361857031,
    "fy": 794.2843064465196,
    "cx": 399.03967921864864,
    "cy": 273.1926221127301,
    "camera_matrix": [
        [
            799.3907361857031,
            0.0,
            399.03967921864864
        ],
        [
            0.0,
            794.2843064465196,
            273.1926221127301
        ],
        [
            0.0,
            0.0,
            1.0
        ]
    ],
    "dist_coeffs": [
        [
            0.1682923535102056,
            -2.004182809671462,
            0.0005851317963246992,
            0.014928717086145455,
            6.715647634037245
        ]
    ],
    "reprojection_error": 0.1437809388291857
}